{
	"providers":
	[
		{
		"type":"bitmap",
		"file":"minecraft:font/logo.png",
		"ascent":64,
		"height":64,
		"chars":["ぱ"]
		},
		{
		"type":"bitmap",
		"file":"minecraft:font/1.png",
		"ascent":9,
		"height":11,
		"chars":["ひ"]
		},
		{
		"type":"bitmap",
		"file":"minecraft:font/2.png",
		"ascent":9,
		"height":11,
		"chars":["び"]
		},
		{
		"type":"bitmap",
		"file":"minecraft:font/3.png",
		"ascent":9,
		"height":11,
		"chars":["ぴ"]
		},
		{
		"type":"bitmap",
		"file":"minecraft:font/4.png",
		"ascent":9,
		"height":11,
		"chars":["ふ"]
		},
		{
		"type":"bitmap",
		"file":"minecraft:font/5.png",
		"ascent":9,
		"height":11,
		"chars":["ぶ"]
		},
		{
		"type":"bitmap",
		"file":"minecraft:font/6.png",
		"ascent":9,
		"height":11,
		"chars":["ぷ"]
		},
		{
		"type":"bitmap",
		"file":"minecraft:font/7.png",
		"ascent":9,
		"height":11,
		"chars":["へ"]
		},
		{
		"type":"bitmap",
		"file":"minecraft:font/8.png",
		"ascent":9,
		"height":11,
		"chars":["べ"]
		},
		{
		"type":"bitmap",
		"file":"minecraft:font/9.png",
		"ascent":9,
		"height":11,
		"chars":["ぺ"]
		},
		{
		"type":"bitmap",
		"file":"minecraft:font/10.png",
		"ascent":9,
		"height":11,
		"chars":["ほ"]
		},
		{
		"type":"bitmap",
		"file":"minecraft:font/11.png",
		"ascent":9,
		"height":11,
		"chars":["ぼ"]
		},
		{
		"type":"bitmap",
		"file":"minecraft:font/12.png",
		"ascent":9,
		"height":11,
		"chars":["ぽ"]
		},
		{
		"type":"bitmap",
		"file":"minecraft:font/13.png",
		"ascent":9,
		"height":11,
		"chars":["ま"]
		},
		{
		"type":"bitmap",
		"file":"minecraft:font/14.png",
		"ascent":9,
		"height":11,
		"chars":["み"]
		},
		{
		"type":"bitmap",
		"file":"minecraft:font/15.png",
		"ascent":9,
		"height":11,
		"chars":["む"]
		},
		{
		"type":"bitmap",
		"file":"minecraft:font/16.png",
		"ascent":9,
		"height":11,
		"chars":["め"]
		},
		{
		"type":"bitmap",
		"file":"minecraft:font/17.png",
		"ascent":9,
		"height":11,
		"chars":["も"]
		},
		{
		"type":"bitmap",
		"file":"minecraft:font/18.png",
		"ascent":9,
		"height":11,
		"chars":["ゃ"]
		},
		{
		"type":"bitmap",
		"file":"minecraft:font/19.png",
		"ascent":9,
		"height":11,
		"chars":["や"]
		},
		{
		"type":"bitmap",
		"file":"minecraft:font/20.png",
		"ascent":9,
		"height":11,
		"chars":["ゅ"]
		},
		{
		"type":"bitmap",
		"file":"minecraft:font/21.png",
		"ascent":9,
		"height":11,
		"chars":["ゆ"]
		},
		{
		"type":"bitmap",
		"file":"minecraft:font/22.png",
		"ascent":9,
		"height":11,
		"chars":["ょ"]
		},
		{
		"type":"bitmap",
		"file":"minecraft:font/23.png",
		"ascent":9,
		"height":11,
		"chars":["よ"]
		}
	]
}