{
  "parent": "item/handheld",
  "textures": {
    "layer0": "item/netherite_sword"
  },
  "overrides": [
    { "predicate": { "custom_model_data": 1 }, "model": "item/espada/espada_cristal" },
    { "predicate": { "custom_model_data": 2 }, "model": "item/espada/espada_luz" },
    { "predicate": { "custom_model_data": 3 }, "model": "item/espada/espada_oscuridad" },
    { "predicate": { "custom_model_data": 4 }, "model": "item/espada/espada_rayo" },
    { "predicate": { "custom_model_data": 5 }, "model": "item/espada/espada_tierra" },
    { "predicate": { "custom_model_data": 6 }, "model": "item/espada/guadana_amarilla" },
    { "predicate": { "custom_model_data": 7 }, "model": "item/espada/guadana_azul" },
    { "predicate": { "custom_model_data": 8 }, "model": "item/espada_animada/eco_del_dolor" },
    { "predicate": { "custom_model_data": 9 }, "model": "item/espada_animada/espada_carmesi" },
    { "predicate": { "custom_model_data": 10 }, "model": "item/espada_animada/espada_elfica" },
    { "predicate": { "custom_model_data": 11 }, "model": "item/espada_animada/espada_estrella" }
  ]
}
