{
  "parent": "item/generated",
  "textures": {
    "layer0": "item/stick"
  },
  "overrides": [
    { "predicate": { "custom_model_data": 1 }, "model": "item/palo_animado/bolsa_cristales" },
    { "predicate": { "custom_model_data": 2 }, "model": "item/palo_animado/discord_azul" },
    { "predicate": { "custom_model_data": 3 }, "model": "item/palo_animado/discord_mini" },
    { "predicate": { "custom_model_data": 4 }, "model": "item/palo_animado/logo_youtube" },
    { "predicate": { "custom_model_data": 5 }, "model": "item/palo/casa_basica" },
    { "predicate": { "custom_model_data": 6 }, "model": "item/palo/flor_celeste" },
    { "predicate": { "custom_model_data": 7 }, "model": "item/palo_animado/flor_cristalina" }
  ]
}
