{
  "parent": "item/generated",
  "textures": {
    "layer0": "item/totem_of_undying"
  },
  "overrides": [
    { "predicate": { "custom_model_data": 1 }, "model": "item/totem/cmd_totem_agua" },
    { "predicate": { "custom_model_data": 2 }, "model": "item/totem/cmd_totem_fuego" },
    { "predicate": { "custom_model_data": 3 }, "model": "item/totem/cmd_totem_fantasma" },
    { "predicate": { "custom_model_data": 4 }, "model": "item/totem/cmd_totem_corrupto" },
    { "predicate": { "custom_model_data": 5 }, "model": "item/totem/cmd_totem_warden" },
    { "predicate": { "custom_model_data": 6 }, "model": "item/totem/cmd_totem_wither" },
    { "predicate": { "custom_model_data": 7 }, "model": "item/totem/cmd_totem_tierra" },
    { "predicate": { "custom_model_data": 8 }, "model": "item/totem_animado/cmd_totem_infernal" },
    { "predicate": { "custom_model_data": 9 }, "model": "item/totem_animado/cmd_totem_helado" },
    { "predicate": { "custom_model_data": 10 }, "model": "item/totem_animado/cmd_totem_corazon_helado" },
    { "predicate": { "custom_model_data": 11 }, "model": "item/totem_animado/cmd_totem_corazon_vacio" }
  ]
}
